"id","activated","email","first_name","last_name","login","password"
"1","true","duis.at@protonmail.ca","Wilkerson","Leroy","3507","ME44162557465312879148"
"2","true","ac.mattis@aol.couk","Acevedo","Ezra","5071","LT060843247471837172"
"3","false","tincidunt.pede@outlook.com","Gillespie","Byron","4149","NL06FKYS5666988493"
"4","true","phasellus.fermentum@yahoo.com","Turner","Raphael","9896","PK6056153374844777354817"
"5","false","placerat@yahoo.org","Mckinney","Acton","8858","AL36601347445438511467213635"
"6","true","sed.dictum@outlook.com","Crosby","Barnes","6522","FI0719107469838459"
"7","false","vulputate.velit.eu@protonmail.ca","Floyd","Calhoun","2105","EE891874496006968381"
"8","true","pellentesque.ultricies@outlook.com","Stanton","Copeland","7564","AD164727400464325243"
"9","true","faucibus@outlook.com","Porter","Franco","3921","NL7318690161896547"
"10","false","aliquam@protonmail.ca","Rios","Davidson","4968","DK0594677629370800"
"11","false","eu@nonummyFuscefermentum.ca","Vaughan","Garrett","2912","CR3633178181274730160"
"12","true","magna@sed.co.uk","Marvin","Randall","5349","TN6721204372923618267661"
"13","false","purus@nequeSuspendissesagittis.org","Wallace","Randolph","6277","CZ2296653448133762616953"
"14","true","Cras.lorem.lorem@Suspendisse.ca","Odysseus","Stuart","4629","LT242336746112440641"
"15","false","dui.in@eu.co.uk","Fritz","Wheeler","8935","LU302987808546366154"
"16","true","Curabitur.dictum.Phasellus@sitamet.org","Cain","Mendez","2948","NL871080717712696178"
"17","false","tincidunt.tempus@tellusnonmagna.ca","Ryder","Mayo","7339","GB64VIFR46768722688739"
"18","true","Cras@dictumeuplacerat.net","Dante","Maddox","1587","AD900132612693003207"
"19","false","magna.tellus@aliquetlobortisnisi.net","Tate","Herman","2861","GI53NRGF746532546917615"
"20","true","amet.ornare@adipiscingfringilla.ca","Fulton","Hardy","9325","TN4240212306224157522629"
